<?xml version="1.0" encoding="UTF-8"?>
<Schema name="sale_cal_dt" metamodelVersion="4.0">
    <PhysicalSchema>
        <!-- Fact Table: KYLIN_SALES -->
        <Table name="KYLIN_SALES"></Table>
        <!-- Lookup Table: KYLIN_CAL_DT -->
        <Table name="KYLIN_CAL_DT"></Table>
        <!-- Lookup Table: KYLIN_CATEGORY_GROUPINGS -->
        <Table name="KYLIN_CATEGORY_GROUPINGS"></Table>    
    </PhysicalSchema>
    
    <Cube name="kylin_sale_cal_dt" defaultMeasure="MIN(PRICE)">
        <Dimensions>
            <Dimension name="KYLIN_SALES" table="KYLIN_SALES" key="PART_DT">
                <Attributes>
                    <Attribute name="LSTG_FORMAT_NAME" keyColumn="LSTG_FORMAT_NAME" hasHierarchy="true" />
                    <Attribute name="PART_DT" keyColumn="PART_DT" hasHierarchy="false" />
                    <Attribute name="SELLER_ID" keyColumn="SELLER_ID" hasHierarchy="true" />
                    <Attribute name="LEAF_CATEG_ID" keyColumn="LEAF_CATEG_ID" hasHierarchy="true" />
                    <Attribute name="LSTG_SITE_ID" keyColumn="LSTG_SITE_ID" hasHierarchy="true" />
                </Attributes>
            </Dimension>

            <Dimension name="KYLIN_CAL_DT" table="KYLIN_CAL_DT" key="CAL_DT">
                <Attributes>
                    <Attribute name="WEEK_BEG_DT" keyColumn="WEEK_BEG_DT" hasHierarchy="true" />
                    <Attribute name="CAL_DT" keyColumn="CAL_DT" hasHierarchy="false" />
                </Attributes>
            </Dimension>

            <Dimension name='KYLIN_CATEGORY_GROUPINGS' table='KYLIN_CATEGORY_GROUPINGS' key="UPD_USER">
                <Attributes>
                    <Attribute name='UPD_USER' hasHierarchy='true'>
                        <key>
                            <Column name="LEAF_CATEG_ID"/>
                            <Column name="SITE_ID"/>
                        </key>
                        <Name><Column name='UPD_USER'/></Name>
                    </Attribute>
            
                    <Attribute name='USER_DEFINED_FIELD1' hasHierarchy='true'>
                        <key><Column name='USER_DEFINED_FIELD1'/></key>
                    </Attribute>

                    <Attribute name='USER_DEFINED_FIELD3' hasHierarchy='true'>
                        <key><Column name='USER_DEFINED_FIELD3'/></key>
                    </Attribute>

                    <Attribute name='UPD_DATE' hasHierarchy='true'>
                        <key><Column name='UPD_DATE'/></key>
                    </Attribute>

                    <Attribute name='META_CATEG_NAME' hasHierarchy='false'>
                        <key><Column name='META_CATEG_NAME'/></key>
                    </Attribute>

                    <Attribute name='CATEG_LVL2_NAME' hasHierarchy='false'>
                        <key>
                            <Column name='META_CATEG_NAME'/>
                            <Column name='CATEG_LVL2_NAME'/>
                        </key>
                        <Name><Column name='CATEG_LVL2_NAME'/></Name>
                    </Attribute>
                    
                    <Attribute name='CATEG_LVL3_NAME' hasHierarchy='false'>
                        <key>
                            <Column name='META_CATEG_NAME'/>
                            <Column name='CATEG_LVL2_NAME'/>
                            <Column name='CATEG_LVL3_NAME'/>
                        </key>
                        <Name><Column name='CATEG_LVL3_NAME'/></Name>
                    </Attribute>
                </Attributes>
                
                <Hierarchies>
                    <Hierarchy name='META_CATEG_NAME_Hierarchy' hasAll='true'>
                        <Level attribute="META_CATEG_NAME"/>
                        <Level attribute="CATEG_LVL2_NAME"/>
                        <Level attribute="CATEG_LVL3_NAME"/>
                    </Hierarchy>
                </Hierarchies>
            </Dimension>
        </Dimensions>

        <MeasureGroups>
            <MeasureGroup name="measures" table="KYLIN_SALES">
                <Measures>
                    <Measure name="COUNT(*)" aggregator="count" formatString="#,###" />
                    <Measure name="MAX(PRICE)" column="PRICE" aggregator="max" formatString="#,###.00" />
                    <Measure name="MIN(PRICE)" column="PRICE" aggregator="min" formatString="#,###.00" />
                    <Measure name="SUM(PRICE)" column="PRICE" aggregator="sum" formatString="#,###.00" />
                </Measures>

                <DimensionLinks>
                    <FactLink dimension="KYLIN_SALES" />
                    <ForeignKeyLink foreignKeyColumn="PART_DT" dimension="KYLIN_CAL_DT" />
                    <ForeignKeyLink dimension='KYLIN_CATEGORY_GROUPINGS' attribute='UPD_USER'>
                        <ForeignKey>
                            <Column name="LEAF_CATEG_ID"/>
                            <Column name="LSTG_SITE_ID"/>
                        </ForeignKey>
                    </ForeignKeyLink>
                </DimensionLinks>
            </MeasureGroup>
        </MeasureGroups>
    </Cube>
</Schema>
